AIRPORT_SK,IATA_CODE,CITY,STATE,COUNTRY,LATITUDE,LONGITUDE,REGION,CONTINENT_GROUP,AIRPORT_SIZE_CATEGORY,LOCATION_VALIDATION,RECORD_YEAR,LOAD_TIMESTAMP
903313b86cfb89682d191d1a6469e398,ABE,Allentown,PA,USA,40.65236,-75.4404,NORTHEAST,NORTH_AMERICA,REGIONAL,VALID,2025,2025-11-26 03:35:24.903 -0800
8cdcc93f429c0e2dbee6d8a1b257f8b1,ABI,Abilene,TX,USA,32.41132,-99.6819,SOUTH,NORTH_AMERICA,MEDIUM,VALID,2025,2025-11-26 03:35:24.903 -0800
4ee955413ea0bd37382a10edd6939d5f,ABQ,Albuquerque,NM,USA,35.04022,-106.60919,INTERNATIONAL,NORTH_AMERICA,REGIONAL,VALID,2025,2025-11-26 03:35:24.903 -0800
b8fcc69d250d3ed23c05e0105ea381db,ABR,Aberdeen,SD,USA,45.44906,-98.42183,INTERNATIONAL,NORTH_AMERICA,REGIONAL,VALID,2025,2025-11-26 03:35:24.903 -0800
197cd093c2ac1fadb8a563c3cd40adc2,ABY,Albany,GA,USA,31.53552,-84.19447,SOUTH,NORTH_AMERICA,REGIONAL,VALID,2025,2025-11-26 03:35:24.903 -0800
0fc437bc317835cad5faafc12a83fad5,ACK,Nantucket,MA,USA,41.25305,-70.06018,NORTHEAST,NORTH_AMERICA,REGIONAL,VALID,2025,2025-11-26 03:35:24.903 -0800
90d991b47098ceef3d8283a386cf7e91,ACT,Waco,TX,USA,31.61129,-97.23052,SOUTH,NORTH_AMERICA,MEDIUM,VALID,2025,2025-11-26 03:35:24.903 -0800
9ff67f82f9dab165e7f663606d182e89,ACV,Arcata/Eureka,CA,USA,40.97812,-124.10862,WEST,NORTH_AMERICA,LARGE,VALID,2025,2025-11-26 03:35:24.903 -0800
70f06ee9bc809e11134d9d1daa16f710,ACY,Atlantic City,NJ,USA,39.45758,-74.57717,NORTHEAST,NORTH_AMERICA,REGIONAL,VALID,2025,2025-11-26 03:35:24.903 -0800
3218c526bbe81dac902aca47c0142b44,ADK,Adak,AK,USA,51.87796,-176.64603,INTERNATIONAL,NORTH_AMERICA,REGIONAL,VALID,2025,2025-11-26 03:35:24.903 -0800
1e53e84c8fc31c28cdb0b43993670090,ADQ,Kodiak,AK,USA,57.74997,-152.49386,INTERNATIONAL,NORTH_AMERICA,REGIONAL,VALID,2025,2025-11-26 03:35:24.903 -0800
57f62127eda8a2f3c52281ab6e8676a3,AEX,Alexandria,LA,USA,31.32737,-92.54856,INTERNATIONAL,NORTH_AMERICA,REGIONAL,VALID,2025,2025-11-26 03:35:24.903 -0800
dfb0b931ea4d1d958ecb84755e5503e8,AGS,Augusta,GA,USA,33.36996,-81.9645,SOUTH,NORTH_AMERICA,REGIONAL,VALID,2025,2025-11-26 03:35:24.903 -0800
063189ff6fe156f393291035b0c07b07,AKN,King Salmon,AK,USA,58.6768,-156.64922,INTERNATIONAL,NORTH_AMERICA,REGIONAL,VALID,2025,2025-11-26 03:35:24.903 -0800
e3252e1a8c33a30ae3fac99574706989,ALB,Albany,NY,USA,42.74812,-73.80298,NORTHEAST,NORTH_AMERICA,MEDIUM,VALID,2025,2025-11-26 03:35:24.903 -0800
2ffab764ab17e0b0195acd2c3bd61ca0,ALO,Waterloo,IA,USA,42.55708,-92.40034,INTERNATIONAL,NORTH_AMERICA,REGIONAL,VALID,2025,2025-11-26 03:35:24.903 -0800
1b91b582340cd6561f626380ce489c76,AMA,Amarillo,TX,USA,35.21937,-101.70593,SOUTH,NORTH_AMERICA,MEDIUM,VALID,2025,2025-11-26 03:35:24.903 -0800
00a25a0eed961a97a2a312ed96b66a23,ANC,Anchorage,AK,USA,61.17432,-149.99619,INTERNATIONAL,NORTH_AMERICA,REGIONAL,VALID,2025,2025-11-26 03:35:24.903 -0800
9e4f252eed3a6a6ec5748018f5a87d8d,APN,Alpena,MI,USA,45.07807,-83.56029,MIDWEST,NORTH_AMERICA,REGIONAL,VALID,2025,2025-11-26 03:35:24.903 -0800
227468a5bad2ead3a4489ca2efc8b96b,ASE,Aspen,CO,USA,39.22316,-106.86885,INTERNATIONAL,NORTH_AMERICA,REGIONAL,VALID,2025,2025-11-26 03:35:24.903 -0800
c25c66f8ac4fc39070aaa75c4c58c91a,ATL,Atlanta,GA,USA,33.64044,-84.42694,SOUTH,NORTH_AMERICA,REGIONAL,VALID,2025,2025-11-26 03:35:24.903 -0800
6084805409e10a48fe1f6e0e16cec07f,ATW,Appleton,WI,USA,44.25741,-88.51948,MIDWEST,NORTH_AMERICA,REGIONAL,VALID,2025,2025-11-26 03:35:24.903 -0800
8faa77c9cf7465efb7d16af6a0b2630c,AUS,Austin,TX,USA,30.19453,-97.66987,SOUTH,NORTH_AMERICA,MEDIUM,VALID,2025,2025-11-26 03:35:24.903 -0800
0e3587fa9e11b2dd8d6bcb78b4bb6887,AVL,Asheville,NC,USA,35.43619,-82.54181,INTERNATIONAL,NORTH_AMERICA,REGIONAL,VALID,2025,2025-11-26 03:35:24.903 -0800
75369766cca186b69524a0829771ab62,AVP,Wilkes-Barre/Scranton,PA,USA,41.33815,-75.72427,NORTHEAST,NORTH_AMERICA,REGIONAL,VALID,2025,2025-11-26 03:35:24.903 -0800
cd209cf1de79563551e970d258280024,AZO,Kalamazoo,MI,USA,42.23488,-85.55206,MIDWEST,NORTH_AMERICA,REGIONAL,VALID,2025,2025-11-26 03:35:24.903 -0800
46187049a76c83031dd5abad6290a90f,BDL,Windsor Locks,CT,USA,41.93887,-72.68323,INTERNATIONAL,NORTH_AMERICA,REGIONAL,VALID,2025,2025-11-26 03:35:24.903 -0800
65345f183b224683684c289e3a06c7b8,BET,Bethel,AK,USA,60.77978,-161.838,INTERNATIONAL,NORTH_AMERICA,REGIONAL,VALID,2025,2025-11-26 03:35:24.903 -0800
587cd1ba1ded0fead8b30190db3d3932,BFL,Bakersfield,CA,USA,35.4336,-119.05677,WEST,NORTH_AMERICA,LARGE,VALID,2025,2025-11-26 03:35:24.903 -0800
7cabb490f03302bbd6f4055c16c80f13,BGM,Binghamton,NY,USA,42.20848,-75.97961,NORTHEAST,NORTH_AMERICA,MEDIUM,VALID,2025,2025-11-26 03:35:24.903 -0800
2ad5640ebdec72fc79531d1778c6c2dc,BGR,Bangor,ME,USA,44.80744,-68.82814,INTERNATIONAL,NORTH_AMERICA,REGIONAL,VALID,2025,2025-11-26 03:35:24.903 -0800
cb4eea774d166f98c6bc5fc878e7964a,BHM,Birmingham,AL,USA,33.56294,-86.75355,SOUTH,NORTH_AMERICA,REGIONAL,VALID,2025,2025-11-26 03:35:24.903 -0800
083177d9d6f30d9556de3c8eac596f99,BIL,Billings,MT,USA,45.80766,-108.54286,INTERNATIONAL,NORTH_AMERICA,REGIONAL,VALID,2025,2025-11-26 03:35:24.903 -0800
f874a3540c84daa7e6e0e3ea543365bf,BIS,Bismarck,ND,USA,46.77411,-100.74672,INTERNATIONAL,NORTH_AMERICA,REGIONAL,VALID,2025,2025-11-26 03:35:24.903 -0800
b0fc8a23b99abd47779c675029a42775,BJI,Bemidji,MN,USA,47.50942,-94.93372,INTERNATIONAL,NORTH_AMERICA,REGIONAL,VALID,2025,2025-11-26 03:35:24.903 -0800
c11c6eb0e3d05eb4ce54e5a55dc7f315,BLI,Bellingham,WA,USA,48.79275,-122.53753,WEST,NORTH_AMERICA,REGIONAL,VALID,2025,2025-11-26 03:35:24.903 -0800
2c31b3cd525846b235e9b49434ed3e3d,BMI,Bloomington,IL,USA,40.47799,-88.91595,MIDWEST,NORTH_AMERICA,MEDIUM,VALID,2025,2025-11-26 03:35:24.903 -0800
dd3eb9957f43759b85cc6d50ea901967,BNA,Nashville,TN,USA,36.12448,-86.67818,INTERNATIONAL,NORTH_AMERICA,REGIONAL,VALID,2025,2025-11-26 03:35:24.903 -0800
9b1ce44420fde8fc82f643a1fb33dcb0,BOI,Boise,ID,USA,43.56444,-116.22278,INTERNATIONAL,NORTH_AMERICA,REGIONAL,VALID,2025,2025-11-26 03:35:24.903 -0800
e938c5bbd29de26c3a600a0330465f8b,BOS,Boston,MA,USA,42.36435,-71.00518,NORTHEAST,NORTH_AMERICA,REGIONAL,VALID,2025,2025-11-26 03:35:24.903 -0800
0c413dbc745a696b56387d9c874c2a9a,BPT,Beaumont/Port Arthur,TX,USA,29.95083,-94.02069,SOUTH,NORTH_AMERICA,MEDIUM,VALID,2025,2025-11-26 03:35:24.903 -0800
a2c5d44174fbaadb8e7bca3d789cb8e0,BQK,Brunswick,GA,USA,31.25903,-81.46631,SOUTH,NORTH_AMERICA,REGIONAL,VALID,2025,2025-11-26 03:35:24.903 -0800
9387814d5bd4eb6a3dcb59480ff7165f,BQN,Aguadilla,PR,USA,18.49486,-67.12944,INTERNATIONAL,NORTH_AMERICA,REGIONAL,VALID,2025,2025-11-26 03:35:24.903 -0800
545c65cf2bbaba57f99d35d474232bbc,BRD,Brainerd,MN,USA,46.39786,-94.13723,INTERNATIONAL,NORTH_AMERICA,REGIONAL,VALID,2025,2025-11-26 03:35:24.903 -0800
27f959641950d381869d746d7d0e7d4e,BRO,Brownsville,TX,USA,25.90683,-97.42586,SOUTH,NORTH_AMERICA,MEDIUM,VALID,2025,2025-11-26 03:35:24.903 -0800
8791659efb47c3f1635ddfd46135bddc,BRW,Barrow,AK,USA,71.28545,-156.766,INTERNATIONAL,NORTH_AMERICA,REGIONAL,VALID,2025,2025-11-26 03:35:24.903 -0800
228f6d2c84eb95ee567ddfd98787ec02,BTM,Butte,MT,USA,45.9548,-112.49746,INTERNATIONAL,NORTH_AMERICA,REGIONAL,VALID,2025,2025-11-26 03:35:24.903 -0800
ff52214428420c7fa3f1c67ae99b9081,BTR,Baton Rouge,LA,USA,30.53316,-91.14963,INTERNATIONAL,NORTH_AMERICA,REGIONAL,VALID,2025,2025-11-26 03:35:24.903 -0800
c2bf4f132e4f362b3b61d676debeaca7,BTV,Burlington,VT,USA,44.473,-73.15031,INTERNATIONAL,NORTH_AMERICA,REGIONAL,VALID,2025,2025-11-26 03:35:24.903 -0800
30a0d7e5d27798b991e76fbe4ecd7d66,BUF,Buffalo,NY,USA,42.94052,-78.73217,NORTHEAST,NORTH_AMERICA,MEDIUM,VALID,2025,2025-11-26 03:35:24.903 -0800
ed15ffd6ff72d4444f133544c6460d02,BUR,Burbank,CA,USA,34.20062,-118.3585,WEST,NORTH_AMERICA,LARGE,VALID,2025,2025-11-26 03:35:24.903 -0800
142527c9f3eda5c09b4cb8df41c7895e,BWI,Baltimore,MD,USA,39.1754,-76.6682,INTERNATIONAL,NORTH_AMERICA,REGIONAL,VALID,2025,2025-11-26 03:35:24.903 -0800
4adbb079fd76101c3486cdf96b0efd9d,BZN,Bozeman,MT,USA,45.7769,-111.15301,INTERNATIONAL,NORTH_AMERICA,REGIONAL,VALID,2025,2025-11-26 03:35:24.903 -0800
b4d45708de4ddb301ffd4666a5949344,CAE,Columbia,SC,USA,33.93884,-81.11954,INTERNATIONAL,NORTH_AMERICA,REGIONAL,VALID,2025,2025-11-26 03:35:24.903 -0800
7a10057d5cafe343c40b4c8ee0cf51db,CAK,Akron,OH,USA,40.91631,-81.44247,MIDWEST,NORTH_AMERICA,REGIONAL,VALID,2025,2025-11-26 03:35:24.903 -0800
b451ae487bde3a3338f110920744afa8,CDC,Cedar City,UT,USA,37.70097,-113.09858,INTERNATIONAL,NORTH_AMERICA,REGIONAL,VALID,2025,2025-11-26 03:35:24.903 -0800
d912d6fe776b2d01182cfb09de673925,CDV,Cordova,AK,USA,60.49183,-145.47765,INTERNATIONAL,NORTH_AMERICA,REGIONAL,VALID,2025,2025-11-26 03:35:24.903 -0800
5724fb9a7ea66d764e09a0a53a88fabe,CEC,Crescent City,CA,USA,41.78016,-124.23653,WEST,NORTH_AMERICA,LARGE,VALID,2025,2025-11-26 03:35:24.903 -0800
ba429ad9a768d3c7329a968c0167dcad,CHA,Chattanooga,TN,USA,35.03527,-85.20379,INTERNATIONAL,NORTH_AMERICA,REGIONAL,VALID,2025,2025-11-26 03:35:24.903 -0800
4a7adde2647fd3bf972be78a6ce42a93,CHO,Charlottesville,VA,USA,38.13864,-78.45286,INTERNATIONAL,NORTH_AMERICA,REGIONAL,VALID,2025,2025-11-26 03:35:24.903 -0800
d56afd94f0b816c18c0a1609ec862675,CHS,Charleston,SC,USA,32.89865,-80.04051,INTERNATIONAL,NORTH_AMERICA,REGIONAL,VALID,2025,2025-11-26 03:35:24.903 -0800
dd395d6201581ad212d782d571f0ad64,CID,Cedar Rapids,IA,USA,41.88459,-91.71087,INTERNATIONAL,NORTH_AMERICA,REGIONAL,VALID,2025,2025-11-26 03:35:24.903 -0800
2d2cee1751388d4a50777fa220380960,CIU,Sault Ste. Marie,MI,USA,46.25075,-84.47239,MIDWEST,NORTH_AMERICA,REGIONAL,VALID,2025,2025-11-26 03:35:24.903 -0800
fa6a84bc8b662a705f3f9c77b084287a,CLD,San Diego,CA,USA,33.12723,-117.27873,WEST,NORTH_AMERICA,LARGE,VALID,2025,2025-11-26 03:35:24.903 -0800
7c49f59ce6e27adbd89e9ef63b83d7a8,CLE,Cleveland,OH,USA,41.41089,-81.8494,MIDWEST,NORTH_AMERICA,REGIONAL,VALID,2025,2025-11-26 03:35:24.903 -0800
f82ec01bdcb5fcd0ddfe7f7f73d16a2b,CLL,College Station,TX,USA,30.58859,-96.36382,SOUTH,NORTH_AMERICA,MEDIUM,VALID,2025,2025-11-26 03:35:24.903 -0800
5cd6e4fb660220e97088efe8987a0f7f,CLT,Charlotte,NC,USA,35.21401,-80.94313,INTERNATIONAL,NORTH_AMERICA,REGIONAL,VALID,2025,2025-11-26 03:35:24.903 -0800
79577141a075acfbe6942d9b047eee78,CMH,Columbus,OH,USA,39.99799,-82.89188,MIDWEST,NORTH_AMERICA,REGIONAL,VALID,2025,2025-11-26 03:35:24.903 -0800
5efaedb99e7a4140a23f27d28214c895,CMI,Champaign/Urbana,IL,USA,40.03925,-88.27806,MIDWEST,NORTH_AMERICA,MEDIUM,VALID,2025,2025-11-26 03:35:24.903 -0800
dbaffc6d7c710dd5f17e49ba7f0721e1,CMX,Hancock,MI,USA,47.16842,-88.48906,MIDWEST,NORTH_AMERICA,REGIONAL,VALID,2025,2025-11-26 03:35:24.903 -0800
889ee9331f891492f89b1e578fa377e0,CNY,Moab,UT,USA,38.75496,-109.75484,INTERNATIONAL,NORTH_AMERICA,REGIONAL,VALID,2025,2025-11-26 03:35:24.903 -0800
5030551cd5ca2f5644f3d4e00ff6eba7,COD,Cody,WY,USA,44.52019,-109.0238,INTERNATIONAL,NORTH_AMERICA,REGIONAL,VALID,2025,2025-11-26 03:35:24.903 -0800
ef23ef1d426ae1a73a7eed399cef707d,COS,Colorado Springs,CO,USA,38.80581,-104.70025,INTERNATIONAL,NORTH_AMERICA,REGIONAL,VALID,2025,2025-11-26 03:35:24.903 -0800
b538565e239e5100ee19a86c5a9bcb17,COU,Columbia,MO,USA,38.81809,-92.21963,INTERNATIONAL,NORTH_AMERICA,REGIONAL,VALID,2025,2025-11-26 03:35:24.903 -0800
4e3f4e3431c7d01a332f5be79ff5f138,CPR,Casper,WY,USA,42.90836,-106.46447,INTERNATIONAL,NORTH_AMERICA,REGIONAL,VALID,2025,2025-11-26 03:35:24.903 -0800
68e5ed3321d8b86d30dd340193dc3716,CRP,Corpus Christi,TX,USA,27.77036,-97.50122,SOUTH,NORTH_AMERICA,MEDIUM,VALID,2025,2025-11-26 03:35:24.903 -0800
ad3c9cf2d6da1c2931135ec53854875b,CRW,Charleston,WV,USA,38.37315,-81.59319,INTERNATIONAL,NORTH_AMERICA,REGIONAL,VALID,2025,2025-11-26 03:35:24.903 -0800
ddf86b0b94e34566c486fd076b9686a6,CSG,Columbus,GA,USA,32.51633,-84.93886,SOUTH,NORTH_AMERICA,REGIONAL,VALID,2025,2025-11-26 03:35:24.903 -0800
39c4c7f81e6390802529f54e461c0128,CVG,Covington,KY,USA,39.04614,-84.66217,INTERNATIONAL,NORTH_AMERICA,REGIONAL,VALID,2025,2025-11-26 03:35:24.903 -0800
683c1ec1680b75f9955a34d9e49a55f8,CWA,Mosinee,WI,USA,44.77762,-89.66678,MIDWEST,NORTH_AMERICA,REGIONAL,VALID,2025,2025-11-26 03:35:24.903 -0800
b30917aa48bf6125b9e85daf9c6eb5fc,DAB,Daytona Beach,FL,USA,29.17992,-81.05806,SOUTH,NORTH_AMERICA,MEDIUM,VALID,2025,2025-11-26 03:35:24.903 -0800
e40ac1523f13aca7f78b5f3b421c37a0,DAL,Dallas,TX,USA,32.84711,-96.85177,SOUTH,NORTH_AMERICA,MEDIUM,VALID,2025,2025-11-26 03:35:24.903 -0800
5b1d59b5451c06afb65ab1bc2713cfb4,DAY,Dayton,OH,USA,39.90238,-84.21938,MIDWEST,NORTH_AMERICA,REGIONAL,VALID,2025,2025-11-26 03:35:24.903 -0800
36efbce48e75b92f5269c6c5f05c1def,DBQ,Dubuque,IA,USA,42.40296,-90.70917,INTERNATIONAL,NORTH_AMERICA,REGIONAL,VALID,2025,2025-11-26 03:35:24.903 -0800
cf4c24e87f3bf7a7ba3bc78dd952a0c1,DCA,Arlington,VA,USA,38.85208,-77.03772,INTERNATIONAL,NORTH_AMERICA,REGIONAL,VALID,2025,2025-11-26 03:35:24.903 -0800
d622dafa9ced7bbde05af58d76115475,DEN,Denver,CO,USA,39.85841,-104.667,INTERNATIONAL,NORTH_AMERICA,REGIONAL,VALID,2025,2025-11-26 03:35:24.903 -0800
af4e41ea70cda97b3e606647516dd6db,DFW,Dallas-Fort Worth,TX,USA,32.89595,-97.0372,SOUTH,NORTH_AMERICA,MEDIUM,VALID,2025,2025-11-26 03:35:24.903 -0800
1445782190fffdc5a1bfd26de09a6757,DHN,Dothan,AL,USA,31.32134,-85.44963,SOUTH,NORTH_AMERICA,REGIONAL,VALID,2025,2025-11-26 03:35:24.903 -0800
ad9987664c575cad67c45958b3a2cc60,DIK,Dickinson,ND,USA,46.79739,-102.80195,INTERNATIONAL,NORTH_AMERICA,REGIONAL,VALID,2025,2025-11-26 03:35:24.903 -0800
0b2191511c5fdbdca28e015ace4e5e12,DLG,Dillingham,AK,USA,59.04541,-158.50334,INTERNATIONAL,NORTH_AMERICA,REGIONAL,VALID,2025,2025-11-26 03:35:24.903 -0800
fda1662641ff04cb4149131d1d2a9602,DLH,Duluth,MN,USA,46.84209,-92.19365,INTERNATIONAL,NORTH_AMERICA,REGIONAL,VALID,2025,2025-11-26 03:35:24.903 -0800
0add72eeee7c558e74da27d2ad8ee6e3,DRO,Durango,CO,USA,37.15152,-107.75377,INTERNATIONAL,NORTH_AMERICA,REGIONAL,VALID,2025,2025-11-26 03:35:24.903 -0800
ff6c390c344ed277ef8c1fecb1e520fd,DSM,Des Moines,IA,USA,41.53493,-93.66068,INTERNATIONAL,NORTH_AMERICA,REGIONAL,VALID,2025,2025-11-26 03:35:24.903 -0800
d1bef49a8aa9f8053c8458cb9965f220,DTW,Detroit,MI,USA,42.21206,-83.34884,MIDWEST,NORTH_AMERICA,REGIONAL,VALID,2025,2025-11-26 03:35:24.903 -0800
593efd729fecdb7dff2abdd6a6fa36bb,DVL,Devils Lake,ND,USA,48.11425,-98.90878,INTERNATIONAL,NORTH_AMERICA,REGIONAL,VALID,2025,2025-11-26 03:35:24.903 -0800
1cdcf99077999d8b943cf2c703dffda1,EAU,Eau Claire,WI,USA,44.86526,-91.48507,MIDWEST,NORTH_AMERICA,REGIONAL,VALID,2025,2025-11-26 03:35:24.903 -0800
d1d1a12c39f739401fca735ec0e70aca,ECP,Panama City,FL,USA,,,SOUTH,NORTH_AMERICA,MEDIUM,INVALID,2025,2025-11-26 03:35:24.903 -0800
ad287ff2994716dcfed09a3e1293746b,EGE,Eagle,CO,USA,39.64257,-106.9177,INTERNATIONAL,NORTH_AMERICA,REGIONAL,VALID,2025,2025-11-26 03:35:24.903 -0800
ee9cc68e583241dcb548e4217d8c8eb9,EKO,Elko,NV,USA,40.82493,-115.7917,INTERNATIONAL,NORTH_AMERICA,REGIONAL,VALID,2025,2025-11-26 03:35:24.903 -0800
e591a6135ee0a3a0ea90a4783be8a169,ELM,Elmira,NY,USA,42.15991,-76.89144,NORTHEAST,NORTH_AMERICA,MEDIUM,VALID,2025,2025-11-26 03:35:24.903 -0800
e311fe35247e18fda7ff06ab022242db,ELP,El Paso,TX,USA,31.80667,-106.37781,SOUTH,NORTH_AMERICA,MEDIUM,VALID,2025,2025-11-26 03:35:24.903 -0800
b0188446b9adb4f2400e2e7d03a4d516,ERI,Erie,PA,USA,42.08202,-80.17622,NORTHEAST,NORTH_AMERICA,REGIONAL,VALID,2025,2025-11-26 03:35:24.903 -0800
6351aefd1e5e1b62c76f8580116964be,ESC,Escanaba,MI,USA,45.72267,-87.09373,MIDWEST,NORTH_AMERICA,REGIONAL,VALID,2025,2025-11-26 03:35:24.903 -0800
687e7a185e12ec984ab5c40d4acffdd9,EUG,Eugene,OR,USA,44.12326,-123.21869,WEST,NORTH_AMERICA,REGIONAL,VALID,2025,2025-11-26 03:35:24.903 -0800
ba02b273ad9fb7dc13020230fe26da4c,EVV,Evansville,IN,USA,38.03799,-87.53063,INTERNATIONAL,NORTH_AMERICA,REGIONAL,VALID,2025,2025-11-26 03:35:24.903 -0800
cb9dce01f1e90389aa9bf139be8336d9,EWN,New Bern,NC,USA,35.07297,-77.04294,INTERNATIONAL,NORTH_AMERICA,REGIONAL,VALID,2025,2025-11-26 03:35:24.903 -0800
02cc65e6314cfbfc8d6c50ebf876fca7,EWR,Newark,NJ,USA,40.6925,-74.16866,NORTHEAST,NORTH_AMERICA,REGIONAL,VALID,2025,2025-11-26 03:35:24.903 -0800
45bfe2f2e0d3b32688ea5e91646914fe,EYW,Key West,FL,USA,24.55611,-81.75956,SOUTH,NORTH_AMERICA,MEDIUM,VALID,2025,2025-11-26 03:35:24.903 -0800
58f2f62b0cd18a2eb6f9f1819fda82f8,FAI,Fairbanks,AK,USA,64.81368,-147.85967,INTERNATIONAL,NORTH_AMERICA,REGIONAL,VALID,2025,2025-11-26 03:35:24.903 -0800
31234537adb52d5df18dc9596010708b,FAR,Fargo,ND,USA,46.91935,-96.81499,INTERNATIONAL,NORTH_AMERICA,REGIONAL,VALID,2025,2025-11-26 03:35:24.903 -0800
06161379527b8df6b18fca5aa984113a,FAT,Fresno,CA,USA,36.77619,-119.71814,WEST,NORTH_AMERICA,LARGE,VALID,2025,2025-11-26 03:35:24.903 -0800
00f4696a9a21190f90517b584ee3a7da,FAY,Fayetteville,NC,USA,34.99147,-78.88,INTERNATIONAL,NORTH_AMERICA,REGIONAL,VALID,2025,2025-11-26 03:35:24.903 -0800
17dfecb54551e0419a4c1b2ba0ee1cf3,FCA,Kalispell,MT,USA,48.3114,-114.25507,INTERNATIONAL,NORTH_AMERICA,REGIONAL,VALID,2025,2025-11-26 03:35:24.903 -0800
78045e731aafb87561d0f66324b12adf,FLG,Flagstaff,AZ,USA,35.13845,-111.67122,INTERNATIONAL,NORTH_AMERICA,REGIONAL,VALID,2025,2025-11-26 03:35:24.903 -0800
41bf80d3ffe05d483ff2a339f8eac566,FLL,Ft. Lauderdale,FL,USA,26.07258,-80.15275,SOUTH,NORTH_AMERICA,MEDIUM,VALID,2025,2025-11-26 03:35:24.903 -0800
c9b8e069f29cc9339317ebb37f530ce7,FNT,Flint,MI,USA,42.9655,-83.74346,MIDWEST,NORTH_AMERICA,REGIONAL,VALID,2025,2025-11-26 03:35:24.903 -0800
e4d98d1af463e15579ec27cbfd1b20a0,FSD,Sioux Falls,SD,USA,43.58135,-96.7417,INTERNATIONAL,NORTH_AMERICA,REGIONAL,VALID,2025,2025-11-26 03:35:24.903 -0800
7a5912423e6c9aea0b4ddddc7ca8d850,FSM,Fort Smith,AR,USA,35.33659,-94.36744,INTERNATIONAL,NORTH_AMERICA,REGIONAL,VALID,2025,2025-11-26 03:35:24.903 -0800
307fed5e5d71228a4a59ddb546fd431c,FWA,Fort Wayne,IN,USA,40.97847,-85.19515,INTERNATIONAL,NORTH_AMERICA,REGIONAL,VALID,2025,2025-11-26 03:35:24.903 -0800
32d8b233e3c58a262a0b75872297d8d5,GCC,Gillette,WY,USA,44.3489,-105.53936,INTERNATIONAL,NORTH_AMERICA,REGIONAL,VALID,2025,2025-11-26 03:35:24.903 -0800
4d603fad7b6cc4f37d41edb6d0e9a963,GCK,Garden City,KS,USA,37.92752,-100.72441,INTERNATIONAL,NORTH_AMERICA,REGIONAL,VALID,2025,2025-11-26 03:35:24.903 -0800
0d403b92007a67a497861f00465d565c,GEG,Spokane,WA,USA,47.61986,-117.53384,WEST,NORTH_AMERICA,REGIONAL,VALID,2025,2025-11-26 03:35:24.903 -0800
1a7ccc572bda0e13d3b288d3dee819ea,GFK,Grand Forks,ND,USA,47.94926,-97.17611,INTERNATIONAL,NORTH_AMERICA,REGIONAL,VALID,2025,2025-11-26 03:35:24.903 -0800
9af3a2bdc0c8780394fe540db548e97d,GGG,Longview,TX,USA,32.38486,-94.71171,SOUTH,NORTH_AMERICA,MEDIUM,VALID,2025,2025-11-26 03:35:24.903 -0800
b570a60a28c6c4208e1e6b5678f61761,GJT,Grand Junction,CO,USA,39.12241,-108.52673,INTERNATIONAL,NORTH_AMERICA,REGIONAL,VALID,2025,2025-11-26 03:35:24.903 -0800
ae26c6cdb747449ddaf67aea39bf6d31,GNV,Gainesville,FL,USA,29.69006,-82.27178,SOUTH,NORTH_AMERICA,MEDIUM,VALID,2025,2025-11-26 03:35:24.903 -0800
1703f91c5c4c0ce169e1713fe58318a9,GPT,Gulfport-Biloxi,MS,USA,30.40728,-89.07009,INTERNATIONAL,NORTH_AMERICA,REGIONAL,VALID,2025,2025-11-26 03:35:24.903 -0800
50725d49d336ca5507cfcd2a6d2c2f8d,GRB,Green Bay,WI,USA,44.48507,-88.12959,MIDWEST,NORTH_AMERICA,REGIONAL,VALID,2025,2025-11-26 03:35:24.903 -0800
2a4b9e2e4254793cfa8344e16bef237a,GRI,Grand Island,NE,USA,40.96747,-98.30861,INTERNATIONAL,NORTH_AMERICA,REGIONAL,VALID,2025,2025-11-26 03:35:24.903 -0800
8e66680cccbd99b543aa032eb7a4f200,GRK,Killeen,TX,USA,31.0649,-97.8278,SOUTH,NORTH_AMERICA,MEDIUM,VALID,2025,2025-11-26 03:35:24.903 -0800
ae52e133c0058654ff7bfe494fc3b41f,GRR,Grand Rapids,MI,USA,42.88082,-85.52277,MIDWEST,NORTH_AMERICA,REGIONAL,VALID,2025,2025-11-26 03:35:24.903 -0800
96f70dbef1131b89b5c668717d3e79c1,GSO,Greensboro,NC,USA,36.09775,-79.9373,INTERNATIONAL,NORTH_AMERICA,REGIONAL,VALID,2025,2025-11-26 03:35:24.903 -0800
3a985db6112df66312fcbc5bd90c0901,GSP,Greer,SC,USA,34.89567,-82.21886,INTERNATIONAL,NORTH_AMERICA,REGIONAL,VALID,2025,2025-11-26 03:35:24.903 -0800
65faccc4f5d12243a687cfe2338ab83d,GST,Gustavus,AK,USA,58.42438,-135.70738,INTERNATIONAL,NORTH_AMERICA,REGIONAL,VALID,2025,2025-11-26 03:35:24.903 -0800
53596a1c21dd707b460fb58190815f83,GTF,Great Falls,MT,USA,47.482,-111.37069,INTERNATIONAL,NORTH_AMERICA,REGIONAL,VALID,2025,2025-11-26 03:35:24.903 -0800
efcc21955cfbe7847fa5d38145260f60,GTR,Columbus-Starkville-West Point,MS,USA,33.45033,-88.59137,INTERNATIONAL,NORTH_AMERICA,REGIONAL,VALID,2025,2025-11-26 03:35:24.903 -0800
6763a2693d79d154d050724abb2df8ee,GUC,Gunnison,CO,USA,38.53396,-106.93318,INTERNATIONAL,NORTH_AMERICA,REGIONAL,VALID,2025,2025-11-26 03:35:24.903 -0800
b40d22c9e79a2b7204f5a774c8d596f6,GUM,Agana,GU,USA,13.48345,-144.79598,INTERNATIONAL,NORTH_AMERICA,REGIONAL,VALID,2025,2025-11-26 03:35:24.903 -0800
93ffcc752869e44df8c85ebbaa5d3081,HDN,Hayden,CO,USA,40.48118,-107.21766,INTERNATIONAL,NORTH_AMERICA,REGIONAL,VALID,2025,2025-11-26 03:35:24.903 -0800
788f33204f4b83b5635d8a92da7bbb5c,HIB,Hibbing,MN,USA,47.3866,-92.83899,INTERNATIONAL,NORTH_AMERICA,REGIONAL,VALID,2025,2025-11-26 03:35:24.903 -0800
670a898e8728e1c7aec8d56d816466bf,HLN,Helena,MT,USA,46.60682,-111.98275,INTERNATIONAL,NORTH_AMERICA,REGIONAL,VALID,2025,2025-11-26 03:35:24.903 -0800
a5bc417468d5c8c378672f6bdd2e0c90,HNL,Honolulu,HI,USA,21.31869,-157.92241,INTERNATIONAL,NORTH_AMERICA,REGIONAL,VALID,2025,2025-11-26 03:35:24.903 -0800
88e4a5d63e9c1685496d3431cf95b9df,HOB,Hobbs,NM,USA,32.68753,-103.21703,INTERNATIONAL,NORTH_AMERICA,REGIONAL,VALID,2025,2025-11-26 03:35:24.903 -0800
66278169ff108a36ca287378274634fa,HOU,Houston,TX,USA,29.64542,-95.27889,SOUTH,NORTH_AMERICA,MEDIUM,VALID,2025,2025-11-26 03:35:24.903 -0800
c6ded475cb7af938b38fa14b1099232e,HPN,White Plains,NY,USA,41.06696,-73.70757,NORTHEAST,NORTH_AMERICA,MEDIUM,VALID,2025,2025-11-26 03:35:24.903 -0800
76a993edd96f7667422b5795212aca12,HRL,Harlingen,TX,USA,26.22851,-97.65439,SOUTH,NORTH_AMERICA,MEDIUM,VALID,2025,2025-11-26 03:35:24.903 -0800
6878315e698a7cbfd0d97d77f6619c5f,HSV,Huntsville,AL,USA,34.64045,-86.77311,SOUTH,NORTH_AMERICA,REGIONAL,VALID,2025,2025-11-26 03:35:24.903 -0800
69f4916aabc16fbcadb8543bb8360b22,HYA,Hyannis,MA,USA,41.66934,-70.28036,NORTHEAST,NORTH_AMERICA,REGIONAL,VALID,2025,2025-11-26 03:35:24.903 -0800
136de3048b26f5c59dd3324b68b9a6eb,HYS,Hays,KS,USA,38.84494,-99.27403,INTERNATIONAL,NORTH_AMERICA,REGIONAL,VALID,2025,2025-11-26 03:35:24.903 -0800
d6a32d7f0b3d92476bb075273758537b,IAD,Chantilly,VA,USA,38.94453,-77.45581,INTERNATIONAL,NORTH_AMERICA,REGIONAL,VALID,2025,2025-11-26 03:35:24.903 -0800
34f99a346e1fe2319949710cb923f411,IAG,Niagara Falls,NY,USA,43.10726,-78.94538,NORTHEAST,NORTH_AMERICA,MEDIUM,VALID,2025,2025-11-26 03:35:24.903 -0800
16398053b0ee1ac75460202a32bee818,IAH,Houston,TX,USA,29.98047,-95.33972,SOUTH,NORTH_AMERICA,MEDIUM,VALID,2025,2025-11-26 03:35:24.903 -0800
395b46c50c2eeeefbc2180c8630df2d4,ICT,Wichita,KS,USA,37.64996,-97.43305,INTERNATIONAL,NORTH_AMERICA,REGIONAL,VALID,2025,2025-11-26 03:35:24.903 -0800
109c333d5ae82b7b38283b47a0beb735,IDA,Idaho Falls,ID,USA,43.51456,-112.07017,INTERNATIONAL,NORTH_AMERICA,REGIONAL,VALID,2025,2025-11-26 03:35:24.903 -0800
0bdf91bf7fc4f4479a8da5580c05a75f,ILG,Wilmington,DE,USA,39.67872,-75.60653,INTERNATIONAL,NORTH_AMERICA,REGIONAL,VALID,2025,2025-11-26 03:35:24.903 -0800
45a63ab8cbf11a8d14e5315e7199fcbd,ILM,Wilmington,NC,USA,34.27061,-77.90256,INTERNATIONAL,NORTH_AMERICA,REGIONAL,VALID,2025,2025-11-26 03:35:24.903 -0800
c5dcd35af16918a17ee9c3a5c153f0af,IMT,Iron Mountain/Kingsford,MI,USA,45.81835,-88.11454,MIDWEST,NORTH_AMERICA,REGIONAL,VALID,2025,2025-11-26 03:35:24.903 -0800
82828756da24342a94c9b1355ae83653,IND,Indianapolis,IN,USA,39.71733,-86.29438,INTERNATIONAL,NORTH_AMERICA,REGIONAL,VALID,2025,2025-11-26 03:35:24.903 -0800
69cc2ddc651213ba508d700f8734353d,INL,International Falls,MN,USA,48.56619,-93.40307,INTERNATIONAL,NORTH_AMERICA,REGIONAL,VALID,2025,2025-11-26 03:35:24.903 -0800
3752b5c87dca2ca6192919b7330201a4,ISN,Williston,ND,USA,48.17794,-103.64235,INTERNATIONAL,NORTH_AMERICA,REGIONAL,VALID,2025,2025-11-26 03:35:24.903 -0800
a5e9ad0a63d0af143a586a7d3e8687f8,ISP,Islip,NY,USA,40.79524,-73.10021,NORTHEAST,NORTH_AMERICA,MEDIUM,VALID,2025,2025-11-26 03:35:24.903 -0800
f5bdbd2795f08e6b0bc0dec128c4399d,ITH,Ithaca,NY,USA,42.49103,-76.45844,NORTHEAST,NORTH_AMERICA,MEDIUM,VALID,2025,2025-11-26 03:35:24.903 -0800
9159db7c15fc9abe7a0fdde8bb6167fb,ITO,Hilo,HI,USA,19.72026,-155.04847,INTERNATIONAL,NORTH_AMERICA,REGIONAL,VALID,2025,2025-11-26 03:35:24.903 -0800
d64f706ab1bd015ea46e765c09bbdb9b,JAC,Jackson,WY,USA,43.60732,-110.73774,INTERNATIONAL,NORTH_AMERICA,REGIONAL,VALID,2025,2025-11-26 03:35:24.903 -0800
8de35eaa5968c478c5b2086b3cc4badf,JAN,Jackson,MS,USA,32.31117,-90.07589,INTERNATIONAL,NORTH_AMERICA,REGIONAL,VALID,2025,2025-11-26 03:35:24.903 -0800
fab966bb80bf0c8397d2bbce0e2b41c6,JAX,Jacksonville,FL,USA,30.49406,-81.68786,SOUTH,NORTH_AMERICA,MEDIUM,VALID,2025,2025-11-26 03:35:24.903 -0800
e8178f8f26527f80a53bfc4c51e7812b,JFK,New York,NY,USA,40.63975,-73.77893,NORTHEAST,NORTH_AMERICA,MEDIUM,VALID,2025,2025-11-26 03:35:24.903 -0800
de3a709e7db093baea4c12651adbd325,JLN,Joplin,MO,USA,37.15181,-94.49827,INTERNATIONAL,NORTH_AMERICA,REGIONAL,VALID,2025,2025-11-26 03:35:24.903 -0800
c7583df88bfd1daa79bec1aa651ead58,JMS,Jamestown,ND,USA,46.92972,-98.6782,INTERNATIONAL,NORTH_AMERICA,REGIONAL,VALID,2025,2025-11-26 03:35:24.903 -0800
a35f7c6d9ce6e17d230fbcb050702fa5,JNU,Juneau,AK,USA,58.35496,-134.57628,INTERNATIONAL,NORTH_AMERICA,REGIONAL,VALID,2025,2025-11-26 03:35:24.903 -0800
9eeaaaa451ec708eb642c7279e2df690,KOA,Kailua/Kona,HI,USA,19.73877,-156.04563,INTERNATIONAL,NORTH_AMERICA,REGIONAL,VALID,2025,2025-11-26 03:35:24.903 -0800
9cff4eea061faa6057ca382491c10f45,KTN,Ketchikan,AK,USA,55.35557,-131.71374,INTERNATIONAL,NORTH_AMERICA,REGIONAL,VALID,2025,2025-11-26 03:35:24.903 -0800
1d59b567d57ca91246c45d7d8bcfbc28,LAN,Lansing,MI,USA,42.7787,-84.58736,MIDWEST,NORTH_AMERICA,REGIONAL,VALID,2025,2025-11-26 03:35:24.903 -0800
da1ae3c8403ccc4a94b619a7f01e2d7b,LAR,Laramie,WY,USA,41.31205,-105.67499,INTERNATIONAL,NORTH_AMERICA,REGIONAL,VALID,2025,2025-11-26 03:35:24.903 -0800
f1f5aacec9d4156166560b9a5cb62640,LAS,Las Vegas,NV,USA,36.08036,-115.15233,INTERNATIONAL,NORTH_AMERICA,REGIONAL,VALID,2025,2025-11-26 03:35:24.903 -0800
5c0b1ce0a50735fda58b0ac528304903,LAW,Lawton,OK,USA,34.56771,-98.41664,INTERNATIONAL,NORTH_AMERICA,REGIONAL,VALID,2025,2025-11-26 03:35:24.903 -0800
1656b5b29550d4c6dd8ba4dee070f631,LAX,Los Angeles,CA,USA,33.94254,-118.40807,WEST,NORTH_AMERICA,LARGE,VALID,2025,2025-11-26 03:35:24.903 -0800
5fe67e22caa6257a33e3a57fe8ad0134,LBB,Lubbock,TX,USA,33.66364,-101.82278,SOUTH,NORTH_AMERICA,MEDIUM,VALID,2025,2025-11-26 03:35:24.903 -0800
0c065a034baa328b18a8ec8a0e37e231,LBE,Latrobe,PA,USA,40.27594,-79.4048,NORTHEAST,NORTH_AMERICA,REGIONAL,VALID,2025,2025-11-26 03:35:24.903 -0800
9dfe2f163ff0acd8909b4a2608a64a46,LCH,Lake Charles,LA,USA,30.1261,-93.2234,INTERNATIONAL,NORTH_AMERICA,REGIONAL,VALID,2025,2025-11-26 03:35:24.903 -0800
aaa89d79844a124811535bcdaf3e1fb8,LEX,Lexington,KY,USA,38.03697,-84.60539,INTERNATIONAL,NORTH_AMERICA,REGIONAL,VALID,2025,2025-11-26 03:35:24.903 -0800
76df22514c219c208ec8ccc75ca93f52,LFT,Lafayette,LA,USA,30.20528,-91.98766,INTERNATIONAL,NORTH_AMERICA,REGIONAL,VALID,2025,2025-11-26 03:35:24.903 -0800
7ec0110417a0273c979ae5721e814f15,LGA,New York,NY,USA,40.77724,-73.87261,NORTHEAST,NORTH_AMERICA,MEDIUM,VALID,2025,2025-11-26 03:35:24.903 -0800
a386d6773511b73ef71f152d4ad03d98,LGB,Long Beach,CA,USA,33.81772,-118.15161,WEST,NORTH_AMERICA,LARGE,VALID,2025,2025-11-26 03:35:24.903 -0800
efe57e3098b01272e92ab041ad05a559,LIH,Lihue,HI,USA,21.97598,-159.33896,INTERNATIONAL,NORTH_AMERICA,REGIONAL,VALID,2025,2025-11-26 03:35:24.903 -0800
a4e36ae36e52be95ee5c8d2bc974dfd8,LIT,Little Rock,AR,USA,34.7294,-92.22425,INTERNATIONAL,NORTH_AMERICA,REGIONAL,VALID,2025,2025-11-26 03:35:24.903 -0800
96c5571f7b6648b76366cba9755c4f43,LNK,Lincoln,NE,USA,40.85097,-96.75925,INTERNATIONAL,NORTH_AMERICA,REGIONAL,VALID,2025,2025-11-26 03:35:24.903 -0800
d528bfe5f0c992baffcc8a7bef5cdcfb,LRD,Laredo,TX,USA,27.54374,-99.46154,SOUTH,NORTH_AMERICA,MEDIUM,VALID,2025,2025-11-26 03:35:24.903 -0800
022c9c355248b48d98413c3d5b7870ae,LSE,La Crosse,WI,USA,43.87938,-91.25654,MIDWEST,NORTH_AMERICA,REGIONAL,VALID,2025,2025-11-26 03:35:24.903 -0800
cdd292b1395d21487911949b8350742a,LWS,Lewiston,ID,USA,46.3745,-117.01539,INTERNATIONAL,NORTH_AMERICA,REGIONAL,VALID,2025,2025-11-26 03:35:24.903 -0800
87e91eda4dde85cbde3a3aac504e7676,MAF,Midland,TX,USA,31.94253,-102.20191,SOUTH,NORTH_AMERICA,MEDIUM,VALID,2025,2025-11-26 03:35:24.903 -0800
a86bc043b40aacc2c2d6436af2d3281d,MBS,Saginaw,MI,USA,43.53291,-84.07965,MIDWEST,NORTH_AMERICA,REGIONAL,VALID,2025,2025-11-26 03:35:24.903 -0800
f046b60ddd9950a7fb55d24968b9a53c,MCI,Kansas City,MO,USA,39.29761,-94.71391,INTERNATIONAL,NORTH_AMERICA,REGIONAL,VALID,2025,2025-11-26 03:35:24.903 -0800
fdb45b3999a9b295cad4ce7182e47d9a,MCO,Orlando,FL,USA,28.42889,-81.31603,SOUTH,NORTH_AMERICA,MEDIUM,VALID,2025,2025-11-26 03:35:24.903 -0800
c9b9ae1b4267024d489995d8371bbb3b,MDT,Harrisburg,PA,USA,40.1935,-76.7634,NORTHEAST,NORTH_AMERICA,REGIONAL,VALID,2025,2025-11-26 03:35:24.903 -0800
f385c91f74b289ba1cf9990a42d9cd0c,MDW,Chicago,IL,USA,41.78598,-87.75242,MIDWEST,NORTH_AMERICA,MEDIUM,VALID,2025,2025-11-26 03:35:24.903 -0800
27425df9353a44cde6d23648503fe5fa,MEI,Meridian,MS,USA,32.33313,-88.75121,INTERNATIONAL,NORTH_AMERICA,REGIONAL,VALID,2025,2025-11-26 03:35:24.903 -0800
187fa9dbb728649017af9844fffab88f,MEM,Memphis,TN,USA,35.04242,-89.97667,INTERNATIONAL,NORTH_AMERICA,REGIONAL,VALID,2025,2025-11-26 03:35:24.903 -0800
6bb94c2caec6e7f95f4d4381ed211a19,MFE,Mcallen,TX,USA,26.17583,-98.23861,SOUTH,NORTH_AMERICA,MEDIUM,VALID,2025,2025-11-26 03:35:24.903 -0800
ffc2af63e0deedb77f8a5b9b310333a4,MFR,Medford,OR,USA,42.37423,-122.8735,WEST,NORTH_AMERICA,REGIONAL,VALID,2025,2025-11-26 03:35:24.903 -0800
7545bfa02e8c3cdfb20bcc3fa52a4794,MGM,Montgomery,AL,USA,32.30064,-86.39398,SOUTH,NORTH_AMERICA,REGIONAL,VALID,2025,2025-11-26 03:35:24.903 -0800
ce58e97c879cd39850af3b1ff0e19d91,MHK,Manhattan,KS,USA,39.14097,-96.67083,INTERNATIONAL,NORTH_AMERICA,REGIONAL,VALID,2025,2025-11-26 03:35:24.903 -0800
2a83fbcc9aa67d67b38a6f1f26b503b4,MHT,Manchester,NH,USA,42.93452,-71.43706,INTERNATIONAL,NORTH_AMERICA,REGIONAL,VALID,2025,2025-11-26 03:35:24.903 -0800
637d536065e18d89c0f1c21fce509ce1,MIA,Miami,FL,USA,25.79325,-80.29056,SOUTH,NORTH_AMERICA,MEDIUM,VALID,2025,2025-11-26 03:35:24.903 -0800
57a17c0041e20ef5edd94dec9b9eec73,MKE,Milwaukee,WI,USA,42.94722,-87.89658,MIDWEST,NORTH_AMERICA,REGIONAL,VALID,2025,2025-11-26 03:35:24.903 -0800
490779410a34aa5e1fcb14a3768090d4,MKG,Muskegon,MI,USA,43.16949,-86.23822,MIDWEST,NORTH_AMERICA,REGIONAL,VALID,2025,2025-11-26 03:35:24.903 -0800
d3e50c3b366f5d4a099904fb7d77b66c,MLB,Melbourne,FL,USA,28.10275,-80.64581,SOUTH,NORTH_AMERICA,MEDIUM,VALID,2025,2025-11-26 03:35:24.903 -0800
f66296591d6caf2b2c27e885f2fc108c,MLI,Moline,IL,USA,41.44853,-90.50754,MIDWEST,NORTH_AMERICA,MEDIUM,VALID,2025,2025-11-26 03:35:24.903 -0800
4599556c51039e9f9a182576da58fb18,MLU,Monroe,LA,USA,32.51087,-92.03769,INTERNATIONAL,NORTH_AMERICA,REGIONAL,VALID,2025,2025-11-26 03:35:24.903 -0800
0a4a72481957ce6a5ccaad5fec49e983,MMH,Mammoth Lakes,CA,USA,37.62405,-118.83777,WEST,NORTH_AMERICA,LARGE,VALID,2025,2025-11-26 03:35:24.903 -0800
f2b660202fcc4789d5d5fa2b40525859,MOB,Mobile,AL,USA,30.69142,-88.24283,SOUTH,NORTH_AMERICA,REGIONAL,VALID,2025,2025-11-26 03:35:24.903 -0800
189c7cc8596dd5c1db43d2ea30aaf79f,MOT,Minot,ND,USA,48.25938,-101.28033,INTERNATIONAL,NORTH_AMERICA,REGIONAL,VALID,2025,2025-11-26 03:35:24.903 -0800
2a6f41fdf617d7b475e8a3d70247fd69,MQT,Marquette,MI,USA,46.35364,-87.39536,MIDWEST,NORTH_AMERICA,REGIONAL,VALID,2025,2025-11-26 03:35:24.903 -0800
bddc897643b82a19866e1e43a3181b63,MRY,Monterey,CA,USA,36.58698,-121.84295,WEST,NORTH_AMERICA,LARGE,VALID,2025,2025-11-26 03:35:24.903 -0800
9cafcaf3209bcf8cf540533986191dd6,MSN,Madison,WI,USA,43.13986,-89.33751,MIDWEST,NORTH_AMERICA,REGIONAL,VALID,2025,2025-11-26 03:35:24.903 -0800
1ac9b3735c36a107d2f46c0105af4e44,MSO,Missoula,MT,USA,46.91631,-114.09056,INTERNATIONAL,NORTH_AMERICA,REGIONAL,VALID,2025,2025-11-26 03:35:24.903 -0800
4b6544406098f683478fca26b2589e6d,MSP,Minneapolis,MN,USA,44.88055,-93.21692,INTERNATIONAL,NORTH_AMERICA,REGIONAL,VALID,2025,2025-11-26 03:35:24.903 -0800
57a9c0aa3c040006e0c605e8130d92a2,MSY,New Orleans,LA,USA,29.99339,-90.25803,INTERNATIONAL,NORTH_AMERICA,REGIONAL,VALID,2025,2025-11-26 03:35:24.903 -0800
c325fc6ca8f246f6a49fb63e2c25e485,MTJ,Montrose,CO,USA,38.50887,-107.89383,INTERNATIONAL,NORTH_AMERICA,REGIONAL,VALID,2025,2025-11-26 03:35:24.903 -0800
8df3886c53f8aa64dd56ff69d8802bd5,MVY,Marthas Vineyard,MA,USA,41.39303,-70.61433,NORTHEAST,NORTH_AMERICA,REGIONAL,VALID,2025,2025-11-26 03:35:24.903 -0800
b46e678fc5474ec8216c5e3f4e9d327c,MYR,Myrtle Beach,SC,USA,33.67975,-78.92833,INTERNATIONAL,NORTH_AMERICA,REGIONAL,VALID,2025,2025-11-26 03:35:24.903 -0800
2aab8dfcaa606d45a7a6f5af1a996355,OAJ,Jacksonville,NC,USA,34.82916,-77.61214,INTERNATIONAL,NORTH_AMERICA,REGIONAL,VALID,2025,2025-11-26 03:35:24.903 -0800
cd890ff50d3ade7ee866656ad0bf25cf,OAK,Oakland,CA,USA,37.72129,-122.22072,WEST,NORTH_AMERICA,LARGE,VALID,2025,2025-11-26 03:35:24.903 -0800
e94afc367f47e1aaf16533e4ecbc8716,OGG,Kahului,HI,USA,20.89865,-156.43046,INTERNATIONAL,NORTH_AMERICA,REGIONAL,VALID,2025,2025-11-26 03:35:24.903 -0800
9ae6bf16d33e7643292e93a89f12c4bc,OKC,Oklahoma City,OK,USA,35.39309,-97.60073,INTERNATIONAL,NORTH_AMERICA,REGIONAL,VALID,2025,2025-11-26 03:35:24.903 -0800
807b2a9e337cc4dc202da8381e32b563,OMA,Omaha,NE,USA,41.30252,-95.89417,INTERNATIONAL,NORTH_AMERICA,REGIONAL,VALID,2025,2025-11-26 03:35:24.903 -0800
9f559465a585aaad4654962d5773e4d4,OME,Nome,AK,USA,64.5122,-165.44525,INTERNATIONAL,NORTH_AMERICA,REGIONAL,VALID,2025,2025-11-26 03:35:24.903 -0800
81a634c8428d49490d850ac61dcd055b,ONT,Ontario,CA,USA,34.056,-117.60119,WEST,NORTH_AMERICA,LARGE,VALID,2025,2025-11-26 03:35:24.903 -0800
c23431d0209648a6b31fa837dd56d681,ORD,Chicago,IL,USA,41.9796,-87.90446,MIDWEST,NORTH_AMERICA,MEDIUM,VALID,2025,2025-11-26 03:35:24.903 -0800
973b050c50fc6ac0cc62ffa7a942c657,ORF,Norfolk,VA,USA,36.89461,-76.20122,INTERNATIONAL,NORTH_AMERICA,REGIONAL,VALID,2025,2025-11-26 03:35:24.903 -0800
405cbd42717395b5f92b017f62f5bfb6,ORH,Worcester,MA,USA,42.26734,-71.87571,NORTHEAST,NORTH_AMERICA,REGIONAL,VALID,2025,2025-11-26 03:35:24.903 -0800
511a84b1957d6208ce1358379123cca4,OTH,North Bend,OR,USA,43.41714,-124.24603,WEST,NORTH_AMERICA,REGIONAL,VALID,2025,2025-11-26 03:35:24.903 -0800
cf23dfd8157f2562747a10065c17a4bc,OTZ,Kotzebue,AK,USA,66.88468,-162.59855,INTERNATIONAL,NORTH_AMERICA,REGIONAL,VALID,2025,2025-11-26 03:35:24.903 -0800
19978b23affe738e29cc58c86f778537,PAH,Paducah,KY,USA,37.06083,-88.77375,INTERNATIONAL,NORTH_AMERICA,REGIONAL,VALID,2025,2025-11-26 03:35:24.903 -0800
0e6af9d7d7971e417fa95610f50f7e05,PBG,Plattsburgh,NY,USA,,,NORTHEAST,NORTH_AMERICA,MEDIUM,INVALID,2025,2025-11-26 03:35:24.903 -0800
a168707a04e052b73d2c4677f8891c7f,PBI,West Palm Beach,FL,USA,26.68316,-80.09559,SOUTH,NORTH_AMERICA,MEDIUM,VALID,2025,2025-11-26 03:35:24.903 -0800
08a601c7e8befa1393c348508a878db1,PDX,Portland,OR,USA,45.58872,-122.5975,WEST,NORTH_AMERICA,REGIONAL,VALID,2025,2025-11-26 03:35:24.903 -0800
4c41cfb2904e1a1275f8f0fdee9799f1,PHF,Newport News,VA,USA,37.1319,-76.49299,INTERNATIONAL,NORTH_AMERICA,REGIONAL,VALID,2025,2025-11-26 03:35:24.903 -0800
024d0a19e2c7138683b785b4e0412532,PHL,Philadelphia,PA,USA,39.87195,-75.24114,NORTHEAST,NORTH_AMERICA,REGIONAL,VALID,2025,2025-11-26 03:35:24.903 -0800
1375575710990aaefeb0228d672c5521,PHX,Phoenix,AZ,USA,33.43417,-112.00806,INTERNATIONAL,NORTH_AMERICA,REGIONAL,VALID,2025,2025-11-26 03:35:24.903 -0800
25e7716e9d5329a2008e6558cb95d338,PIA,Peoria,IL,USA,40.66424,-89.69331,MIDWEST,NORTH_AMERICA,MEDIUM,VALID,2025,2025-11-26 03:35:24.903 -0800
98d79b7652e365b4a4b260ca2bb5583d,PIB,Hattiesburg-Laurel,MS,USA,31.46715,-89.33706,INTERNATIONAL,NORTH_AMERICA,REGIONAL,VALID,2025,2025-11-26 03:35:24.903 -0800
1a2ef54dbbbb36181dbe64be78f046fd,PIH,Pocatello,ID,USA,42.91131,-112.59586,INTERNATIONAL,NORTH_AMERICA,REGIONAL,VALID,2025,2025-11-26 03:35:24.903 -0800
0655502f90e66ebc7dab94de8f9a3ef7,PIT,Pittsburgh,PA,USA,40.49147,-80.23287,NORTHEAST,NORTH_AMERICA,REGIONAL,VALID,2025,2025-11-26 03:35:24.903 -0800
446687ea2db1ada75be5ed053be77f59,PLN,Pellston,MI,USA,45.57093,-84.79672,MIDWEST,NORTH_AMERICA,REGIONAL,VALID,2025,2025-11-26 03:35:24.903 -0800
cee15089224779b4c18b7e2cb7baf1bb,PNS,Pensacola,FL,USA,30.47331,-87.18744,SOUTH,NORTH_AMERICA,MEDIUM,VALID,2025,2025-11-26 03:35:24.903 -0800
f8b414d7958e64ec77db674d40192c8a,PPG,Pago Pago,AS,USA,14.33102,-170.71053,INTERNATIONAL,NORTH_AMERICA,REGIONAL,VALID,2025,2025-11-26 03:35:24.903 -0800
79ebd5d2c77fb9a2a47cd341d84f96a4,PSC,Pasco,WA,USA,46.26468,-119.11903,WEST,NORTH_AMERICA,REGIONAL,VALID,2025,2025-11-26 03:35:24.903 -0800
6f0862d55fca52dbe032fa0b99e9c6b5,PSE,Ponce,PR,USA,18.0083,-66.56301,INTERNATIONAL,NORTH_AMERICA,REGIONAL,VALID,2025,2025-11-26 03:35:24.903 -0800
bdec8a408440ffe6ec3c5301fbfd932c,PSG,Petersburg,AK,USA,56.80165,-132.94528,INTERNATIONAL,NORTH_AMERICA,REGIONAL,VALID,2025,2025-11-26 03:35:24.903 -0800
0e9c9bb3639ba35c67b2492f04a34d99,PSP,Palm Springs,CA,USA,33.82922,-116.50625,WEST,NORTH_AMERICA,LARGE,VALID,2025,2025-11-26 03:35:24.903 -0800
9aba7127268ef2f384fdc95498c7bb1a,PUB,Pueblo,CO,USA,38.28909,-104.49657,INTERNATIONAL,NORTH_AMERICA,REGIONAL,VALID,2025,2025-11-26 03:35:24.903 -0800
f8f616f13290f510b4a834a9de72c77b,PVD,Providence,RI,USA,41.724,-71.42822,INTERNATIONAL,NORTH_AMERICA,REGIONAL,VALID,2025,2025-11-26 03:35:24.903 -0800
8449bc264b69c3a0fe8b60361eaf7aeb,PWM,Portland,ME,USA,43.64617,-70.30875,INTERNATIONAL,NORTH_AMERICA,REGIONAL,VALID,2025,2025-11-26 03:35:24.903 -0800
bb0014f2e34a1a63c199eb717fe3accf,RAP,Rapid City,SD,USA,44.04532,-103.05737,INTERNATIONAL,NORTH_AMERICA,REGIONAL,VALID,2025,2025-11-26 03:35:24.903 -0800
9a6465b6a0023e22317c33e5748b3c72,RDD,Redding,CA,USA,40.50898,-122.2934,WEST,NORTH_AMERICA,LARGE,VALID,2025,2025-11-26 03:35:24.903 -0800
006795aeeab570e4ca336932c33932f2,RDM,Redmond,OR,USA,44.25407,-121.14996,WEST,NORTH_AMERICA,REGIONAL,VALID,2025,2025-11-26 03:35:24.903 -0800
ebab061ac4ae3f8c2a802f168565b562,RDU,Raleigh,NC,USA,35.87764,-78.78747,INTERNATIONAL,NORTH_AMERICA,REGIONAL,VALID,2025,2025-11-26 03:35:24.903 -0800
c45045e7ade7b7c97259a3fbc39e66e8,RHI,Rhinelander,WI,USA,45.63119,-89.46745,MIDWEST,NORTH_AMERICA,REGIONAL,VALID,2025,2025-11-26 03:35:24.903 -0800
9421539b960fe6c40130e16792b2db90,RIC,Richmond,VA,USA,37.50517,-77.31967,INTERNATIONAL,NORTH_AMERICA,REGIONAL,VALID,2025,2025-11-26 03:35:24.903 -0800
ed4501d78409d436b3878494f54ff06f,RKS,Rock Springs,WY,USA,41.59422,-109.06519,INTERNATIONAL,NORTH_AMERICA,REGIONAL,VALID,2025,2025-11-26 03:35:24.903 -0800
9b699f7446b35567b9d515252211df0b,RNO,Reno,NV,USA,39.49858,-119.76806,INTERNATIONAL,NORTH_AMERICA,REGIONAL,VALID,2025,2025-11-26 03:35:24.903 -0800
cf4e41c6a199c5c45a904502f93c422b,ROA,Roanoke,VA,USA,37.32547,-79.97543,INTERNATIONAL,NORTH_AMERICA,REGIONAL,VALID,2025,2025-11-26 03:35:24.903 -0800
3adcbc523c898829501d38af8e84a770,ROC,Rochester,NY,USA,43.11887,-77.67238,NORTHEAST,NORTH_AMERICA,MEDIUM,VALID,2025,2025-11-26 03:35:24.903 -0800
54c1ed33c810f895d48c008d89f880b7,ROW,Roswell,NM,USA,33.30156,-104.53056,INTERNATIONAL,NORTH_AMERICA,REGIONAL,VALID,2025,2025-11-26 03:35:24.903 -0800
fbe78d395b48369284faffb0ce9d5c0f,RST,Rochester,MN,USA,43.90883,-92.49799,INTERNATIONAL,NORTH_AMERICA,REGIONAL,VALID,2025,2025-11-26 03:35:24.903 -0800
741066db83e01b2e278e24ccfc2ec1c3,RSW,Ft. Myers,FL,USA,26.53617,-81.75517,SOUTH,NORTH_AMERICA,MEDIUM,VALID,2025,2025-11-26 03:35:24.903 -0800
7c5fc8889b6e3c8756abbd76353d68e7,SAF,Santa Fe,NM,USA,35.61678,-106.08814,INTERNATIONAL,NORTH_AMERICA,REGIONAL,VALID,2025,2025-11-26 03:35:24.903 -0800
62a0282d39568be094470486eaf70c4f,SAN,San Diego,CA,USA,32.73356,-117.18966,WEST,NORTH_AMERICA,LARGE,VALID,2025,2025-11-26 03:35:24.903 -0800
684e1388a91900480c702ac5b8f6b4d8,SAT,San Antonio,TX,USA,29.53369,-98.46978,SOUTH,NORTH_AMERICA,MEDIUM,VALID,2025,2025-11-26 03:35:24.903 -0800
8f88175bf0ff75acb585655233683bde,SAV,Savannah,GA,USA,32.12758,-81.20214,SOUTH,NORTH_AMERICA,REGIONAL,VALID,2025,2025-11-26 03:35:24.903 -0800
d52fcd1f831abc4efe3a7f571ee39aa8,SBA,Santa Barbara,CA,USA,34.42621,-119.84037,WEST,NORTH_AMERICA,LARGE,VALID,2025,2025-11-26 03:35:24.903 -0800
e0b776fdb88fb702c4e54280a29a5b3c,SBN,South Bend,IN,USA,41.70895,-86.31847,INTERNATIONAL,NORTH_AMERICA,REGIONAL,VALID,2025,2025-11-26 03:35:24.903 -0800
78d5c7d77a817c7252bbaaf95ea850b4,SBP,San Luis Obispo,CA,USA,35.23706,-120.64239,WEST,NORTH_AMERICA,LARGE,VALID,2025,2025-11-26 03:35:24.903 -0800
506e80ad4373b52e7d03a714c23c696c,SCC,Deadhorse,AK,USA,70.19476,-148.46516,INTERNATIONAL,NORTH_AMERICA,REGIONAL,VALID,2025,2025-11-26 03:35:24.903 -0800
4f1fcf80c07532facc35db354783b0b2,SCE,State College,PA,USA,40.85121,-77.8463,NORTHEAST,NORTH_AMERICA,REGIONAL,VALID,2025,2025-11-26 03:35:24.903 -0800
9c0a2523f776c96bce27eeb5671371e0,SDF,Louisville,KY,USA,38.17439,-85.736,INTERNATIONAL,NORTH_AMERICA,REGIONAL,VALID,2025,2025-11-26 03:35:24.903 -0800
9abd3d9b983e99aa1fd94837498b0bea,SEA,Seattle,WA,USA,47.44898,-122.30931,WEST,NORTH_AMERICA,REGIONAL,VALID,2025,2025-11-26 03:35:24.903 -0800
f3b69be0f57a9519705082d49cc75ed6,SFO,San Francisco,CA,USA,37.619,-122.37484,WEST,NORTH_AMERICA,LARGE,VALID,2025,2025-11-26 03:35:24.903 -0800
0e6a70bad19fa5b4b8529629768f43d3,SGF,Springfield,MO,USA,37.24433,-93.38686,INTERNATIONAL,NORTH_AMERICA,REGIONAL,VALID,2025,2025-11-26 03:35:24.903 -0800
c6606d89838a5e446835faf71a8d07a4,SGU,St George,UT,USA,37.09058,-113.59306,INTERNATIONAL,NORTH_AMERICA,REGIONAL,VALID,2025,2025-11-26 03:35:24.903 -0800
b9b54bd6cda102ade73eb0dd51e719ab,SHV,Shreveport,LA,USA,32.44663,-93.8256,INTERNATIONAL,NORTH_AMERICA,REGIONAL,VALID,2025,2025-11-26 03:35:24.903 -0800
0925cf378e385fc077ac24c7305651b0,SIT,Sitka,AK,USA,57.04714,-135.3616,INTERNATIONAL,NORTH_AMERICA,REGIONAL,VALID,2025,2025-11-26 03:35:24.903 -0800
44d787509883c403e5a0a8580ad3f2b9,SJC,San Jose,CA,USA,37.36186,-121.92901,WEST,NORTH_AMERICA,LARGE,VALID,2025,2025-11-26 03:35:24.903 -0800
d46e26f12012202190d70646c0354059,SJT,San Angelo,TX,USA,31.35775,-100.49631,SOUTH,NORTH_AMERICA,MEDIUM,VALID,2025,2025-11-26 03:35:24.903 -0800
edb65fd3d096354a2ce9630ddbad8e67,SJU,San Juan,PR,USA,18.43942,-66.00183,INTERNATIONAL,NORTH_AMERICA,REGIONAL,VALID,2025,2025-11-26 03:35:24.903 -0800
6bad82127b1712ba0e58b7d10e8e30df,SLC,Salt Lake City,UT,USA,40.78839,-111.97777,INTERNATIONAL,NORTH_AMERICA,REGIONAL,VALID,2025,2025-11-26 03:35:24.903 -0800
fbe26e14c13a160732e821845d550380,SMF,Sacramento,CA,USA,38.69542,-121.59077,WEST,NORTH_AMERICA,LARGE,VALID,2025,2025-11-26 03:35:24.903 -0800
cad386640202b01915001cf1dc26164e,SMX,Santa Maria,CA,USA,34.89925,-120.45758,WEST,NORTH_AMERICA,LARGE,VALID,2025,2025-11-26 03:35:24.903 -0800
8c9485eacaf389d14b2f920e4b492044,SNA,Santa Ana,CA,USA,33.67566,-117.86822,WEST,NORTH_AMERICA,LARGE,VALID,2025,2025-11-26 03:35:24.903 -0800
33dc5312b091968f5a120c2484d40df8,SPI,Springfield,IL,USA,39.84395,-89.67762,MIDWEST,NORTH_AMERICA,MEDIUM,VALID,2025,2025-11-26 03:35:24.903 -0800
5835b8173f77ebe3e52b51c65a68c96b,SPS,Wichita Falls,TX,USA,33.9888,-98.49189,SOUTH,NORTH_AMERICA,MEDIUM,VALID,2025,2025-11-26 03:35:24.903 -0800
2b81cd967d0967c163f71b7b7d29a6cf,SRQ,Sarasota,FL,USA,27.39533,-82.55411,SOUTH,NORTH_AMERICA,MEDIUM,VALID,2025,2025-11-26 03:35:24.903 -0800
3a247d1d806ebfcd27b09041e3186b4e,STC,St Cloud,MN,USA,45.54532,-94.05834,INTERNATIONAL,NORTH_AMERICA,REGIONAL,VALID,2025,2025-11-26 03:35:24.903 -0800
2523e0c272cb676c4f59f97828966f78,STL,St Louis,MO,USA,38.74769,-90.35999,INTERNATIONAL,NORTH_AMERICA,REGIONAL,VALID,2025,2025-11-26 03:35:24.903 -0800
9d82ed816b6f8b88586b476e7740c977,STT,Charlotte Amalie,VI,USA,18.33731,-64.97336,INTERNATIONAL,NORTH_AMERICA,REGIONAL,VALID,2025,2025-11-26 03:35:24.903 -0800
db8faad9e67f2bc20b000e10d60de875,STX,Christiansted,VI,USA,17.70189,-64.79856,INTERNATIONAL,NORTH_AMERICA,REGIONAL,VALID,2025,2025-11-26 03:35:24.903 -0800
9034a19b67bd4853d7cba104d62e0828,SUN,Hailey,ID,USA,43.50484,-114.29659,INTERNATIONAL,NORTH_AMERICA,REGIONAL,VALID,2025,2025-11-26 03:35:24.903 -0800
edf6a401c7d8a4f63cc2c08233ee4cc1,SUX,Sioux City,IA,USA,42.4026,-96.38437,INTERNATIONAL,NORTH_AMERICA,REGIONAL,VALID,2025,2025-11-26 03:35:24.903 -0800
